#,Substitution,Calculated ??G
1,N106A,-0.93
2,N106C,-1.06
3,N106D,1.32
4,N106E,-0.83
5,N106F,-1.53
6,N106G,0.09
7,N106H,0.33
8,N106I,-1.73
9,N106K,-2.07
10,N106L,-2.83
11,N106M,-2.86
12,N106N,-0.02
13,N106P,0.95
14,N106Q,-1.43
15,N106R,-1.53
16,N106S,-0.31
17,N106T,-1.39
18,N106V,-1.43
19,N106W,1.46
20,N106Y,-0.93
21,Y107A,5.28
22,Y107C,4.77
23,Y107D,6.72
24,Y107E,-0.84
25,Y107F,0.62
26,Y107G,6.83
27,Y107H,4.48
28,Y107I,2.71
29,Y107K,4.60
30,Y107L,1.86
31,Y107M,1.48
32,Y107N,5.61
33,Y107P,4.59
34,Y107Q,4.25
35,Y107R,3.62
36,Y107S,6.46
37,Y107T,5.37
38,Y107V,3.54
39,Y107W,7.66
40,Y107Y,-0.01
41,K108A,1.18
42,K108C,0.93
43,K108D,1.11
44,K108E,0.89
45,K108F,-0.09
46,K108G,1.83
47,K108H,0.44
48,K108I,-0.47
49,K108K,0.00
50,K108L,-0.28
51,K108M,-0.23
52,K108N,0.92
53,K108P,3.62
54,K108Q,0.57
55,K108R,0.26
56,K108S,1.23
57,K108T,0.49
58,K108V,0.06
59,K108W,-0.16
60,K108Y,0.12
61,T109A,0.93
62,T109C,-0.24
63,T109D,3.25
64,T109E,-0.04
65,T109F,10.19
66,T109G,1.96
67,T109H,7.71
68,T109I,-2.74
69,T109K,2.00
70,T109L,-1.49
71,T109M,-2.42
72,T109N,1.63
73,T109P,2.75
74,T109Q,-0.38
75,T109R,3.76
76,T109S,0.82
77,T109T,0.00
78,T109V,-2.03
79,T109W,13.73
80,T109Y,16.90
81,E112A,0.61
82,E112C,0.24
83,E112D,1.18
84,E112E,-0.01
85,E112F,-1.67
86,E112G,1.82
87,E112H,-0.72
88,E112I,-1.11
89,E112K,-0.91
90,E112L,-1.27
91,E112M,-1.18
92,E112N,0.36
93,E112P,0.49
94,E112Q,-0.10
95,E112R,-0.60
96,E112S,0.97
97,E112T,0.19
98,E112V,-0.46
99,E112W,-1.47
100,E112Y,-1.57
101,V113A,2.96
102,V113C,2.12
103,V113D,4.40
104,V113E,4.20
105,V113F,6.60
106,V113G,4.62
107,V113H,3.32
108,V113I,-0.63
109,V113K,3.41
110,V113L,-0.21
111,V113M,0.54
112,V113N,3.36
113,V113P,4.70
114,V113Q,3.92
115,V113R,5.77
116,V113S,4.09
117,V113T,2.29
118,V113V,0.00
119,V113W,11.86
120,V113Y,5.41
121,K114A,4.77
122,K114C,0.38
123,K114D,2.25
124,K114E,1.33
125,K114F,-1.55
126,K114G,0.88
127,K114H,0.14
128,K114I,2.59
129,K114K,0.00
130,K114L,-0.35
131,K114M,-1.03
132,K114N,0.92
133,K114P,2.89
134,K114Q,0.13
135,K114R,-1.42
136,K114S,0.42
137,K114T,0.24
138,K114V,2.75
139,K114W,0.81
140,K114Y,-1.39
141,F115A,3.54
142,F115C,3.47
143,F115D,5.70
144,F115E,4.36
145,F115F,-0.03
146,F115G,4.46
147,F115H,3.02
148,F115I,2.62
149,F115K,2.95
150,F115L,1.26
151,F115M,1.02
152,F115N,3.80
153,F115P,2.23
154,F115Q,3.55
155,F115R,2.75
156,F115S,4.16
157,F115T,3.84
158,F115V,3.45
159,F115W,0.60
160,F115Y,-0.42
